id,is_superuser,username,first_name,last_name,email,is_staff,is_active,data_joined,password
1,0,Linus,Linus,Moon,test@gmail.com,0,1,1/1/2022,123456
2,0,Callum,Callum,Nichols,test@gmail.com,0,1,1/2/2022,123456
3,0,Ali,Ali,Frazier,test@gmail.com,0,1,1/3/2022,123456
4,0,Morgan,Morgan,Gonzales,test@gmail.com,0,1,1/4/2022,123456
5,0,Dalton,Dalton,Cook,test@gmail.com,0,1,1/5/2022,123456
6,0,Oscar,Oscar,Delacruz,test@gmail.com,0,1,1/6/2022,123456
7,0,Vernon,Vernon,Mason,test@gmail.com,0,1,1/7/2022,123456
8,0,Raphael,Raphael,Horn,test@gmail.com,0,1,1/8/2022,123456
9,0,Henry,Henry,Reilly,test@gmail.com,0,1,1/9/2022,123456
10,0,Baker,Baker,Delaney,test@gmail.com,0,1,1/10/2022,123456
11,0,Maite,Maite,Allen,test@gmail.com,0,1,1/11/2022,123456
12,0,Aaron,Aaron,Howell,test@gmail.com,0,1,1/12/2022,123456
13,0,Melissa,Melissa,Carey,test@gmail.com,0,1,1/13/2022,123456
14,0,Rooney,Rooney,Clark,test@gmail.com,0,1,1/14/2022,123456
15,0,Hedley,Hedley,Wise,test@gmail.com,0,1,1/15/2022,123456
16,0,Quynn,Quynn,Anderson,test@gmail.com,0,1,1/16/2022,123456
17,0,Debra,Debra,Pate,test@gmail.com,0,1,1/17/2022,123456
18,0,Carter,Carter,Maynard,test@gmail.com,0,1,1/18/2022,123456
19,0,Howard,Howard,Keith,test@gmail.com,0,1,1/19/2022,123456
20,0,Kameko,Kameko,Rice,test@gmail.com,0,1,1/20/2022,123456
21,0,Cameron,Cameron,Hines,test@gmail.com,0,1,1/21/2022,123456
22,0,Gillian,Gillian,Mays,test@gmail.com,0,1,1/22/2022,123456
23,0,Henry,Henry,Burt,test@gmail.com,0,1,1/23/2022,123456
24,0,Hashim,Hashim,Morton,test@gmail.com,0,1,1/24/2022,123456
25,0,Leroy,Leroy,Marshall,test@gmail.com,0,1,1/25/2022,123456
26,0,Jayme,Jayme,Dillard,test@gmail.com,0,1,1/26/2022,123456
27,0,Kylie,Kylie,Casey,test@gmail.com,0,1,1/27/2022,123456
28,0,Howard,Howard,Macias,test@gmail.com,0,1,1/28/2022,123456
29,0,Vaughan,Vaughan,Barlow,test@gmail.com,0,1,1/29/2022,123456
30,0,Travis,Travis,Holder,test@gmail.com,0,1,1/30/2022,123456
31,0,Jarrod,Jarrod,Finch,test@gmail.com,0,1,1/31/2022,123456
32,0,Howard,Howard,Porter,test@gmail.com,0,1,2/1/2022,123456
33,0,Audra,Audra,Lawson,test@gmail.com,0,1,2/2/2022,123456
34,0,Chantale,Chantale,Norman,test@gmail.com,0,1,2/3/2022,123456
35,0,Rowan,Rowan,Zimmerman,test@gmail.com,0,1,2/4/2022,123456
36,0,Roary,Roary,Humphrey,test@gmail.com,0,1,2/5/2022,123456
37,0,Martha,Martha,Curtis,test@gmail.com,0,1,2/6/2022,123456
38,0,Baker,Baker,Mcleod,test@gmail.com,0,1,2/7/2022,123456
39,0,Mia,Mia,Sims,test@gmail.com,0,1,2/8/2022,123456
40,0,Travis,Travis,Moses,test@gmail.com,0,1,2/9/2022,123456
41,0,Mannix,Mannix,Shelton,test@gmail.com,0,1,2/10/2022,123456
42,0,Geraldine,Geraldine,Jackson,test@gmail.com,0,1,2/11/2022,123456
43,0,Caldwell,Caldwell,Gilbert,test@gmail.com,0,1,2/12/2022,123456
44,0,Dexter,Dexter,Coffey,test@gmail.com,0,1,2/13/2022,123456
45,0,Tana,Tana,Kennedy,test@gmail.com,0,1,2/14/2022,123456
46,0,Lyle,Lyle,Barnett,test@gmail.com,0,1,2/15/2022,123456
47,0,Diana,Diana,Oneil,test@gmail.com,0,1,2/16/2022,123456
48,0,Timothy,Timothy,Clemons,test@gmail.com,0,1,2/17/2022,123456
49,0,Merrill,Merrill,Fuller,test@gmail.com,0,1,2/18/2022,123456
50,0,Felix,Felix,Weber,test@gmail.com,0,1,2/19/2022,123456
51,0,Dana,Dana,Hunt,test@gmail.com,0,1,2/20/2022,123456
52,0,Wylie,Wylie,Norton,test@gmail.com,0,1,2/21/2022,123456
53,0,Galena,Galena,Baxter,test@gmail.com,0,1,2/22/2022,123456
54,0,Oscar,Oscar,Whitehead,test@gmail.com,0,1,2/23/2022,123456
55,0,Amena,Amena,Gordon,test@gmail.com,0,1,2/24/2022,123456
56,0,Marsden,Marsden,Case,test@gmail.com,0,1,2/25/2022,123456
57,0,Frances,Frances,Dyer,test@gmail.com,0,1,2/26/2022,123456
58,0,Inez,Inez,Guy,test@gmail.com,0,1,2/27/2022,123456
59,0,Francis,Francis,Vang,test@gmail.com,0,1,2/28/2022,123456
60,0,Lydia,Lydia,Dudley,test@gmail.com,0,1,3/1/2022,123456
61,0,Charity,Charity,Leon,test@gmail.com,0,1,3/2/2022,123456
62,0,Edan,Edan,Norris,test@gmail.com,0,1,3/3/2022,123456
63,0,Aretha,Aretha,Henson,test@gmail.com,0,1,3/4/2022,123456
64,0,Graham,Graham,Hines,test@gmail.com,0,1,3/5/2022,123456
65,0,Adrian,Adrian,Douglas,test@gmail.com,0,1,3/6/2022,123456
66,0,Wang,Wang,Sweet,test@gmail.com,0,1,3/7/2022,123456
67,0,Mollie,Mollie,Mercado,test@gmail.com,0,1,3/8/2022,123456
68,0,Xanthus,Xanthus,Vincent,test@gmail.com,0,1,3/9/2022,123456
69,0,Tashya,Tashya,Ware,test@gmail.com,0,1,3/10/2022,123456
70,0,Mark,Mark,Nash,test@gmail.com,0,1,3/11/2022,123456
71,0,Hilda,Hilda,Brady,test@gmail.com,0,1,3/12/2022,123456
72,0,Raya,Raya,Pollard,test@gmail.com,0,1,3/13/2022,123456
73,0,Brittany,Brittany,Shaffer,test@gmail.com,0,1,3/14/2022,123456
74,0,Hop,Hop,Cannon,test@gmail.com,0,1,3/15/2022,123456
75,0,Nero,Nero,Keith,test@gmail.com,0,1,3/16/2022,123456
76,0,Xena,Xena,Patton,test@gmail.com,0,1,3/17/2022,123456
77,0,Abraham,Abraham,Cherry,test@gmail.com,0,1,3/18/2022,123456
78,0,Hermione,Hermione,Miles,test@gmail.com,0,1,3/19/2022,123456
79,0,Lillian,Lillian,Dillon,test@gmail.com,0,1,3/20/2022,123456
80,0,Jorden,Jorden,Soto,test@gmail.com,0,1,3/21/2022,123456
81,0,Zelenia,Zelenia,Avery,test@gmail.com,0,1,3/22/2022,123456
82,0,Allen,Allen,Pearson,test@gmail.com,0,1,3/23/2022,123456
83,0,Tashya,Tashya,Adams,test@gmail.com,0,1,3/24/2022,123456
84,0,Emmanuel,Emmanuel,Allen,test@gmail.com,0,1,3/25/2022,123456
85,0,Gemma,Gemma,Gates,test@gmail.com,0,1,3/26/2022,123456
86,0,Omar,Omar,Kane,test@gmail.com,0,1,3/27/2022,123456
87,0,Rama,Rama,Holt,test@gmail.com,0,1,3/28/2022,123456
88,0,Cathleen,Cathleen,Buchanan,test@gmail.com,0,1,3/29/2022,123456
89,0,Dylan,Dylan,Holman,test@gmail.com,0,1,3/30/2022,123456
90,0,Kylie,Kylie,Moody,test@gmail.com,0,1,3/31/2022,123456
91,0,Emma,Emma,Velez,test@gmail.com,0,1,4/1/2022,123456
92,0,Jin,Jin,Baird,test@gmail.com,0,1,4/2/2022,123456
93,0,Isabelle,Isabelle,Cardenas,test@gmail.com,0,1,4/3/2022,123456
94,0,Fiona,Fiona,Hodge,test@gmail.com,0,1,4/4/2022,123456
95,0,Murphy,Murphy,Bolton,test@gmail.com,0,1,4/5/2022,123456
96,0,Shafira,Shafira,Schultz,test@gmail.com,0,1,4/6/2022,123456
97,0,Jael,Jael,Bray,test@gmail.com,0,1,4/7/2022,123456
98,0,Yasir,Yasir,Wolfe,test@gmail.com,0,1,4/8/2022,123456
99,0,Keegan,Keegan,Mejia,test@gmail.com,0,1,4/9/2022,123456
100,0,Allen,Allen,Dennis,test@gmail.com,0,1,4/10/2022,123456
